"0","Messi_GOAL_assist <- fb_player_goal_logs(player_url = ""https://fbref.com/en/players/d70ce98e/Lionel-Messi"", "
"0","                                        goals_or_assists = ""both"")"
"0","Messi_GOAL_assist$Minute <- as.numeric(Messi_GOAL_assist$Minute)"
"2","Warning:"
"2"," NAs introduced by coercion
"
"0","minutos2 <- subset(Messi_GOAL_assist, select = c(Minute, Goal_or_Assist)) |> "
"0","  filter(Goal_or_Assist == ""goal"")"
"0","minutos2 <- minutos2 %>%"
"0","  group_by(Minute) %>%  # Agrupa por Minute y Goal_or_Assist"
"0","  summarise(Goles = n(), .groups = 'drop')"
"0",""
"0","  ggplot(minutos2,aes(x = Minute, y = Goles))+"
"0","  geom_bar(stat = ""identity"", fill =""#a50044"", colour =""darkblue"") +"
"0","  labs(title = ""Leo Messi: Goles marcados en cada minuto"","
"0","       x = ""Minuto"","
"0","       y = ""Goles"")+"
"0","  scale_x_continuous(breaks = seq(0, 90, by = 5), limits = c(0,90))+"
"0","  scale_y_continuous(breaks = seq(0, 20, by = 5), limits = c(0, 20))+"
"0","  theme_minimal()+"
"0","  theme(panel.grid.major.x = element_blank(),"
"0","        panel.grid.minor.x = element_blank(),"
"0","        panel.grid.minor.y = element_blank())"
"2","Warning:"
"2"," [38;5;232mRemoved 3 rows containing missing values or values outside the scale range (`geom_bar()`).[39m
"
