"0","Data_temporadas %>% group_by(player_name,Age) %>% 
    summarise(gol_asist = sum(`G+A`, na.rm = T)) %>% 
  ungroup() %>% 
  ggplot((aes(Age,gol_asist)))+
  geom_point(aes(color = player_name), size = 2)+
  geom_line(aes(color = player_name), linewidth = 1)+
  scale_color_manual(values = c(alpha(""grey"",0.5), ""#A50044"")) + 
  labs(
    title = ""Messi VS CR7"",
    subtitle = ""Goles y assistencias por temporada en todas las competiciones"",
    x = ""Edad"",
    y = ""G+A"",
    color = ""Jugadores"",
    caption = ""FBREF.com""
  ) +
  geom_text(x = 33,
            y = 85,
            label = ""El peak de ambos"",
            family = ""Times New Roman"", 
            color = ""darkgrey"")+
  theme_minimal()+
  theme(panel.grid.major.x = element_blank(), 
        panel.grid.minor.y = element_blank(),
        panel.grid.m.x = element_blank())+
  annotation_custom(bar, xmin = 22, xmax = 30, ymin = 80, ymax = 88)+
  annotation_custom(madr, xmin = 26, xmax = 31, ymin = 82, ymax = 87)+
  annotation_custom(inter, xmin = 33, xmax = 38, ymin = 10, ymax = 17)+
  annotation_custom(moro, xmin = 35, xmax = 40, ymin = 45, ymax = 53)
"
"1","[38;5;232m`summarise()` has grouped output by 'player_name'. You can override using the `.groups` argument.[39m
"
"2","Warning in plot_theme(plot) :"
"2","
 "
"2"," [38;5;232mThe `panel.grid.m.x` theme element is not defined in the element hierarchy.[39m
"
