"0","ggplot(minutos2, aes(x = Minute, y = Goles))+"
"0","  geom_bar(stat = ""identity"", fill =""#a50044"", colour =""darkblue"") +"
"0","  labs(title = ""Leo Messi: Goles marcados en cada minuto"","
"0","       x = ""Minuto"","
"0","       y = ""Goles"")+"
"0","  scale_x_continuous(breaks = seq(0, 90, by = 5), limits = c(0,90))+"
"0","  scale_y_continuous(breaks = seq(0, 20, by = 5), limits = c(0, 20))+"
"0","  theme_minimal()+"
"0","  theme(panel.grid.major.x = element_blank(),"
"0","        panel.grid.minor.x = element_blank(),"
"0","        panel.grid.minor.y = element_blank())"
"2","Warning:"
"2"," [38;5;232mRemoved 3 rows containing missing values or values outside the scale range (`geom_bar()`).[39m
"
