{"chunk_definitions":[{"row":10,"row_count":1,"visible":true,"expansion_state":0,"options":{"engine":"r","label":"unnamed-chunk-2","dev":"png"},"document_id":"A989C618","chunk_id":"coaipnrj92xtm","chunk_label":"unnamed-chunk-1"},{"row":103,"row_count":1,"visible":true,"expansion_state":0,"options":{"engine":"r","label":"unnamed-chunk-18","dev":"png"},"document_id":"A989C618","chunk_id":"cxm7278wbnb04","chunk_label":"unnamed-chunk-5"},{"row":30,"row_count":1,"visible":true,"expansion_state":0,"options":{"engine":"r","label":"unnamed-chunk-3","dev":"png"},"document_id":"A989C618","chunk_id":"ct3stx8f0l0xm","chunk_label":"unnamed-chunk-2"}],"doc_write_time":1716137503,"chunk_rendered_width":700}