{"chunk_definitions":[{"row":45,"row_count":1,"visible":true,"expansion_state":0,"options":{"engine":"r","label":"unnamed-chunk-5","dev":"png"},"document_id":"9CF59352","chunk_id":"cbq1p903bmsbd","chunk_label":"unnamed-chunk-4"},{"row":60,"row_count":1,"visible":true,"expansion_state":0,"options":{"engine":"r","label":"unnamed-chunk-8","dev":"png"},"document_id":"9CF59352","chunk_id":"clgss9gty51jq","chunk_label":"unnamed-chunk-6"},{"row":68,"row_count":1,"visible":true,"expansion_state":0,"options":{"engine":"r","label":"unnamed-chunk-12","dev":"png"},"document_id":"9CF59352","chunk_id":"cooze4145yjxw","chunk_label":"unnamed-chunk-8"},{"row":83,"row_count":1,"visible":true,"expansion_state":0,"options":{"engine":"r","label":"unnamed-chunk-13","dev":"png"},"document_id":"9CF59352","chunk_id":"c4owrk138exc4","chunk_label":"unnamed-chunk-10"},{"row":89,"row_count":1,"visible":true,"expansion_state":0,"options":{"engine":"r","label":"unnamed-chunk-14","dev":"png"},"document_id":"9CF59352","chunk_id":"cgtmlz07pq0z3","chunk_label":"unnamed-chunk-11"},{"row":103,"row_count":1,"visible":true,"expansion_state":0,"options":{"engine":"r","label":"unnamed-chunk-15","dev":"png"},"document_id":"9CF59352","chunk_id":"cdgrbkdi66jrx","chunk_label":"unnamed-chunk-12"}],"doc_write_time":1716153120}