{"chunk_definitions":[{"row":10,"row_count":1,"visible":true,"expansion_state":0,"options":{"engine":"r","label":"unnamed-chunk-2","dev":"png"},"document_id":"A989C618","chunk_id":"czt87thzju5wn","chunk_label":"unnamed-chunk-1"},{"row":30,"row_count":1,"visible":true,"expansion_state":0,"options":{"engine":"r","label":"unnamed-chunk-3","dev":"png"},"document_id":"A989C618","chunk_id":"ct3stx8f0l0xm","chunk_label":"unnamed-chunk-2"},{"row":103,"row_count":1,"visible":true,"expansion_state":0,"options":{"engine":"r","label":"unnamed-chunk-18","dev":"png"},"document_id":"A989C618","chunk_id":"cxm7278wbnb04","chunk_label":"unnamed-chunk-5"},{"row":304,"row_count":1,"visible":true,"expansion_state":0,"options":{"engine":"r","label":"unnamed-chunk-17","dev":"png"},"document_id":"A989C618","chunk_id":"cmozpp81vi6ly","chunk_label":"unnamed-chunk-12"}],"doc_write_time":1716153600,"chunk_rendered_width":663}